[{"date":"2023-05-28T00:00:00Z","event":"http://www.wikidata.org/entity/Q85738054","eventLabel":"2023 Ceuta Assembly election"},{"date":"2023-05-28T00:00:00Z","event":"http://www.wikidata.org/entity/Q85738065","eventLabel":"2023 Madrid City Council election"},{"date":"2023-05-28T00:00:00Z","event":"http://www.wikidata.org/entity/Q85788880","eventLabel":"2023 Cantabrian regional election"},{"date":"2023-05-28T00:00:00Z","event":"http://www.wikidata.org/entity/Q85788899","eventLabel":"Next Valencian regional election"},{"date":"2023-05-28T00:00:00Z","event":"http://www.wikidata.org/entity/Q85845240","eventLabel":"2023 Melilla Assembly election"},{"date":"2023-05-28T00:00:00Z","event":"http://www.wikidata.org/entity/Q96371008","eventLabel":"2023 Valencia City Council election"},{"date":"2023-05-28T00:00:00Z","event":"http://www.wikidata.org/entity/Q96395548","eventLabel":"Next Riojan regional election"},{"date":"2023-05-28T00:00:00Z","event":"http://www.wikidata.org/entity/Q97188845","eventLabel":"2023 Seville City Council election"},{"date":"2023-06-07T00:00:00Z","event":"http://www.wikidata.org/entity/Q98382957","eventLabel":"2023 UEFA Europa Conference League Final"},{"date":"2023-05-28T00:00:00Z","event":"http://www.wikidata.org/entity/Q106901111","eventLabel":"2023 Madrilenian regional election"}]